samsung	175	samsung galaxy, samsung mobile, samsung smartphones, samsung mobile india, samsung mobile price, samsung mobile phones, samsung mobiles, new samsung mobile
micromax	175	micromax mobiles, micromax mobile price, micromax mobile phones, micromax mobile online shopping, micromax mobile rate, buy micromax mobile online, latest micromax mobiles, new micromax mobile
sony	175	sony mobile, sony m, sony mobile price, sony mobile phones, sony mobiles
htc	175	htc, htc mobiles, htc mobile phones, htc price, htc sense, htc smartphones price, htc price, htc beats, htc android, htc store
nokia	175	nokia, nokia mobiles, nokia mobile phones, nokia mobiles price, nokia store, nokia exchange offer, nokia android, nokia mobile exchange offer
sony	57	sony laptops, sony laptops price, sony laptops prices, latest sony laptops, sony laptops reviews, sony laptops online, sony laptops india price, sony windows laptop, sony laptops models, new sony laptops
samsung	57	samsung laptops, samsung laptops india, samsung laptops price, samsung laptops review, samsung laptops india price, samsung laptops, samsung laptops in india, samsung laptops online, buy samsung laptops, price of samsung laptops samsung laptops reviews, samsung laptops online shopping, samsung windows laptop
dell	57	dell laptops, dell laptops india, dell laptops price in india, dell laptops, dell laptops windows, dell laptops touch screen, dell laptops in india, dell laptops prices in india
hp	57	hp laptops, hp laptops prices, hp laptop models, hp laptops pavilion, compare hp laptops, hp windows laptop, hp laptops india
acer	57	acer laptops, acer laptop price, acer notebook, acer ultrabook, acer notebook price, acer laptop reviews, acer laptops india price, acer laptops review, latest acer laptops
lenovo	57	lenovo laptops, lenovo laptop prices, lenovo laptop reviews, buy lenovo laptop, lenovo windows laptop
toshiba	57	toshiba laptops, toshiba laptop prices, toshiba laptop reviews, toshiba windows laptop
